timestamp,project_name,run_id,duration,emissions,emissions_rate,cpu_power,gpu_power,ram_power,cpu_energy,gpu_energy,ram_energy,energy_consumed,country_name,country_iso_code,region,cloud_provider,cloud_region,os,python_version,cpu_count,cpu_model,gpu_count,gpu_model,ram_total_size
2026-07-15T21:31:32,gsea_dashboard,run_0000,3277.63,0.0055558291,1.695075e-06,20.14,0.4,5.65,0.01833652,0.00036418,0.00514406,0.02384476,United Kingdom,GBR,england,gcp,europe-west2,Linux-5.15,3.12.0,4,Intel Xeon E5-2670,0,,8.0
2026-07-16T01:01:32,gsea_dashboard,run_0001,264.49,0.000731126,2.764286e-06,34.25,3.17,5.29,0.00251633,0.0002329,0.00038865,0.00313788,United Kingdom,GBR,england,gcp,europe-west2,Linux-5.15,3.12.0,4,Intel Xeon E5-2670,0,,8.0
2026-07-16T04:31:32,gsea_dashboard,run_0002,1190.91,0.007090437,5.953798e-06,84.62,2.65,4.72,0.027993,0.00087664,0.00156142,0.03043106,United Kingdom,GBR,england,gcp,europe-west2,Linux-5.15,3.12.0,4,Intel Xeon E5-2670,0,,8.0
2026-07-16T08:01:32,gsea_dashboard,run_0003,2191.37,0.0046194137,2.108003e-06,21.94,3.51,7.12,0.01335518,0.00213659,0.00433404,0.01982581,United Kingdom,GBR,england,gcp,europe-west2,Linux-5.15,3.12.0,4,Intel Xeon E5-2670,0,,8.0
2026-07-16T11:31:32,gsea_dashboard,run_0004,2353.77,0.0115352755,4.900766e-06,68.83,3.6,3.29,0.04500277,0.00235377,0.00215108,0.04950762,United Kingdom,GBR,england,gcp,europe-west2,Linux-5.15,3.12.0,4,Intel Xeon E5-2670,0,,8.0
2026-07-16T15:01:32,gsea_dashboard,run_0005,1642.05,0.0039747633,2.42061e-06,30.99,1.69,4.72,0.01413531,0.00077085,0.00215291,0.01705907,United Kingdom,GBR,england,gcp,europe-west2,Linux-5.15,3.12.0,4,Intel Xeon E5-2670,0,,8.0
2026-07-16T18:31:32,gsea_dashboard,run_0006,1515.08,0.0029202053,1.927426e-06,21.66,2.13,5.99,0.00911573,0.00089642,0.00252092,0.01253307,United Kingdom,GBR,england,gcp,europe-west2,Linux-5.15,3.12.0,4,Intel Xeon E5-2670,0,,8.0
2026-07-16T22:01:32,gsea_dashboard,run_0007,1366.25,0.0028906702,2.11577e-06,25.68,4.61,2.4,0.00974592,0.00174956,0.00091083,0.01240631,United Kingdom,GBR,england,gcp,europe-west2,Linux-5.15,3.12.0,4,Intel Xeon E5-2670,0,,8.0
2026-07-17T01:31:32,gsea_dashboard,run_0008,2999.43,0.0055210515,1.8407e-06,21.53,0.48,6.43,0.01793826,0.00039992,0.00535732,0.0236955,United Kingdom,GBR,england,gcp,europe-west2,Linux-5.15,3.12.0,4,Intel Xeon E5-2670,0,,8.0
2026-07-17T05:01:32,gsea_dashboard,run_0009,2928.02,0.0117968692,4.028958e-06,53.95,2.93,5.37,0.04387963,0.00238308,0.00436763,0.05063034,United Kingdom,GBR,england,gcp,europe-west2,Linux-5.15,3.12.0,4,Intel Xeon E5-2670,0,,8.0
2026-07-17T08:31:32,gsea_dashboard,run_0010,1206.84,0.0024463858,2.0271e-06,23.56,1.77,5.99,0.0078981,0.00059336,0.00200805,0.01049951,United Kingdom,GBR,england,gcp,europe-west2,Linux-5.15,3.12.0,4,Intel Xeon E5-2670,0,,8.0
2026-07-17T12:01:32,gsea_dashboard,run_0011,2708.51,0.0152844738,5.64313e-06,75.77,3.61,7.81,0.05700661,0.00271603,0.00587596,0.0655986,United Kingdom,GBR,england,gcp,europe-west2,Linux-5.15,3.12.0,4,Intel Xeon E5-2670,0,,8.0
2026-07-17T15:31:32,gsea_dashboard,run_0012,2173.46,0.0064413316,2.96363e-06,39.62,2.89,3.28,0.02392013,0.00174481,0.00198026,0.0276452,United Kingdom,GBR,england,gcp,europe-west2,Linux-5.15,3.12.0,4,Intel Xeon E5-2670,0,,8.0
2026-07-17T19:01:32,gsea_dashboard,run_0013,2374.55,0.0058877143,2.479507e-06,30.7,0.54,7.07,0.02024963,0.00035618,0.00466335,0.02526916,United Kingdom,GBR,england,gcp,europe-west2,Linux-5.15,3.12.0,4,Intel Xeon E5-2670,0,,8.0
2026-07-17T22:31:32,gsea_dashboard,run_0014,1342.19,0.0067836389,5.054157e-06,68.38,2.87,6.84,0.02549415,0.00107002,0.00255016,0.02911433,United Kingdom,GBR,england,gcp,europe-west2,Linux-5.15,3.12.0,4,Intel Xeon E5-2670,0,,8.0
2026-07-18T02:01:32,gsea_dashboard,run_0015,3047.2,0.0183396327,6.01852e-06,83.22,4.09,5.68,0.07044111,0.00346196,0.0048078,0.07871087,United Kingdom,GBR,england,gcp,europe-west2,Linux-5.15,3.12.0,4,Intel Xeon E5-2670,0,,8.0
2026-07-18T05:31:32,gsea_dashboard,run_0016,2324.44,0.0042831085,1.842641e-06,16.84,4.65,6.98,0.01087321,0.0030024,0.00450683,0.01838244,United Kingdom,GBR,england,gcp,europe-west2,Linux-5.15,3.12.0,4,Intel Xeon E5-2670,0,,8.0
2026-07-18T09:01:32,gsea_dashboard,run_0017,984.79,0.0022301851,2.26463e-06,27.63,3.51,3.85,0.00755826,0.00096017,0.00105318,0.00957161,United Kingdom,GBR,england,gcp,europe-west2,Linux-5.15,3.12.0,4,Intel Xeon E5-2670,0,,8.0
2026-07-18T12:31:32,gsea_dashboard,run_0018,1243.17,0.0020260002,1.629705e-06,15.43,4.35,5.4,0.00532836,0.00150216,0.00186476,0.00869528,United Kingdom,GBR,england,gcp,europe-west2,Linux-5.15,3.12.0,4,Intel Xeon E5-2670,0,,8.0
2026-07-18T16:01:32,gsea_dashboard,run_0019,1460.8,0.0028628617,1.95979e-06,24.93,3.17,2.18,0.01011604,0.00128632,0.0008846,0.01228696,United Kingdom,GBR,england,gcp,europe-west2,Linux-5.15,3.12.0,4,Intel Xeon E5-2670,0,,8.0
2026-07-18T19:31:32,gsea_dashboard,run_0020,2693.62,0.0063127459,2.343592e-06,30.06,2.1,4.05,0.02249173,0.00157128,0.00303032,0.02709333,United Kingdom,GBR,england,gcp,europe-west2,Linux-5.15,3.12.0,4,Intel Xeon E5-2670,0,,8.0
2026-07-18T23:01:32,gsea_dashboard,run_0021,1351.09,0.0065409251,4.841221e-06,65.51,3.88,5.41,0.02458608,0.00145617,0.00203039,0.02807264,United Kingdom,GBR,england,gcp,europe-west2,Linux-5.15,3.12.0,4,Intel Xeon E5-2670,0,,8.0
2026-07-19T02:31:32,gsea_dashboard,run_0022,333.3,0.0005431812,1.629707e-06,18.68,0.79,5.71,0.00172946,7.314e-05,0.00052865,0.00233125,United Kingdom,GBR,england,gcp,europe-west2,Linux-5.15,3.12.0,4,Intel Xeon E5-2670,0,,8.0
2026-07-19T06:01:32,gsea_dashboard,run_0023,2436.07,0.0066646202,2.735808e-06,34.05,3.31,4.91,0.02304116,0.00223983,0.00332253,0.02860352,United Kingdom,GBR,england,gcp,europe-west2,Linux-5.15,3.12.0,4,Intel Xeon E5-2670,0,,8.0
2026-07-19T09:31:32,gsea_dashboard,run_0024,1608.1,0.0042225169,2.62578e-06,34.12,3.77,2.68,0.01524121,0.00168404,0.00119714,0.01812239,United Kingdom,GBR,england,gcp,europe-west2,Linux-5.15,3.12.0,4,Intel Xeon E5-2670,0,,8.0
2026-07-19T13:01:32,gsea_dashboard,run_0025,1564.79,0.0043690762,2.792117e-06,34.83,3.39,4.92,0.01513934,0.00147351,0.00213855,0.0187514,United Kingdom,GBR,england,gcp,europe-west2,Linux-5.15,3.12.0,4,Intel Xeon E5-2670,0,,8.0
2026-07-19T16:31:32,gsea_dashboard,run_0026,2411.66,0.0040208251,1.667244e-06,18.18,1.98,5.6,0.01217888,0.00132641,0.00375147,0.01725676,United Kingdom,GBR,england,gcp,europe-west2,Linux-5.15,3.12.0,4,Intel Xeon E5-2670,0,,8.0
2026-07-19T20:01:32,gsea_dashboard,run_0027,57.44,0.0001486307,2.587582e-06,36.1,1.06,2.82,0.000576,1.691e-05,4.499e-05,0.0006379,United Kingdom,GBR,england,gcp,europe-west2,Linux-5.15,3.12.0,4,Intel Xeon E5-2670,0,,8.0
2026-07-19T23:31:32,gsea_dashboard,run_0028,942.2,0.0027130567,2.879491e-06,37.97,0.04,6.48,0.00993759,1.047e-05,0.00169596,0.01164402,United Kingdom,GBR,england,gcp,europe-west2,Linux-5.15,3.12.0,4,Intel Xeon E5-2670,0,,8.0
2026-07-20T03:01:32,gsea_dashboard,run_0029,657.23,0.0021323974,3.244522e-06,41.61,3.52,5.0,0.00759648,0.00064262,0.00091282,0.00915192,United Kingdom,GBR,england,gcp,europe-west2,Linux-5.15,3.12.0,4,Intel Xeon E5-2670,0,,8.0
2026-07-20T06:31:32,gsea_dashboard,run_0030,3005.07,0.0153573119,5.110467e-06,71.43,0.36,7.17,0.0596256,0.00030051,0.0059851,0.06591121,United Kingdom,GBR,england,gcp,europe-west2,Linux-5.15,3.12.0,4,Intel Xeon E5-2670,0,,8.0
2026-07-20T10:01:32,gsea_dashboard,run_0031,181.02,0.0003291032,1.818049e-06,16.31,4.61,7.17,0.00082012,0.00023181,0.00036053,0.00141246,United Kingdom,GBR,england,gcp,europe-west2,Linux-5.15,3.12.0,4,Intel Xeon E5-2670,0,,8.0
2026-07-20T13:31:32,gsea_dashboard,run_0032,2085.46,0.0085304609,4.090446e-06,55.14,3.55,4.51,0.0319423,0.0020565,0.00261262,0.03661142,United Kingdom,GBR,england,gcp,europe-west2,Linux-5.15,3.12.0,4,Intel Xeon E5-2670,0,,8.0
2026-07-20T17:01:32,gsea_dashboard,run_0033,441.17,0.0007106989,1.610941e-06,16.46,1.62,6.81,0.00201713,0.00019853,0.00083455,0.00305021,United Kingdom,GBR,england,gcp,europe-west2,Linux-5.15,3.12.0,4,Intel Xeon E5-2670,0,,8.0
2026-07-20T20:31:32,gsea_dashboard,run_0034,2236.71,0.0116347502,5.201725e-06,73.24,4.6,2.53,0.04550462,0.00285802,0.00157191,0.04993455,United Kingdom,GBR,england,gcp,europe-west2,Linux-5.15,3.12.0,4,Intel Xeon E5-2670,0,,8.0
2026-07-21T00:01:32,gsea_dashboard,run_0035,3044.81,0.0079043503,2.596008e-06,32.03,2.94,5.14,0.02709035,0.00248659,0.00434731,0.03392425,United Kingdom,GBR,england,gcp,europe-west2,Linux-5.15,3.12.0,4,Intel Xeon E5-2670,0,,8.0
2026-07-21T03:31:32,gsea_dashboard,run_0036,1442.89,0.0039614777,2.745516e-06,36.72,1.7,4.0,0.01471748,0.00068136,0.00160321,0.01700205,United Kingdom,GBR,england,gcp,europe-west2,Linux-5.15,3.12.0,4,Intel Xeon E5-2670,0,,8.0
2026-07-21T07:01:32,gsea_dashboard,run_0037,630.23,0.0022989178,3.647744e-06,50.73,0.57,5.06,0.00888099,9.979e-05,0.00088582,0.0098666,United Kingdom,GBR,england,gcp,europe-west2,Linux-5.15,3.12.0,4,Intel Xeon E5-2670,0,,8.0
2026-07-21T10:31:32,gsea_dashboard,run_0038,3264.14,0.0105652336,3.236759e-06,39.46,3.64,6.91,0.0357786,0.00330041,0.00626534,0.04534435,United Kingdom,GBR,england,gcp,europe-west2,Linux-5.15,3.12.0,4,Intel Xeon E5-2670,0,,8.0
2026-07-21T14:01:32,gsea_dashboard,run_0039,2939.68,0.0067448094,2.294403e-06,31.54,0.73,3.18,0.02575486,0.0005961,0.00259672,0.02894768,United Kingdom,GBR,england,gcp,europe-west2,Linux-5.15,3.12.0,4,Intel Xeon E5-2670,0,,8.0
2026-07-21T17:31:32,gsea_dashboard,run_0040,2180.56,0.0105227041,4.825689e-06,68.22,3.28,3.06,0.04132161,0.00198673,0.00185348,0.04516182,United Kingdom,GBR,england,gcp,europe-west2,Linux-5.15,3.12.0,4,Intel Xeon E5-2670,0,,8.0
2026-07-21T21:01:32,gsea_dashboard,run_0041,2789.07,0.0108164495,3.878156e-06,49.59,3.77,6.56,0.03841944,0.00292078,0.00508231,0.04642253,United Kingdom,GBR,england,gcp,europe-west2,Linux-5.15,3.12.0,4,Intel Xeon E5-2670,0,,8.0
2026-07-22T00:31:32,gsea_dashboard,run_0042,1632.59,0.0093323187,5.716266e-06,79.69,2.82,5.81,0.03613919,0.00127886,0.00263482,0.04005287,United Kingdom,GBR,england,gcp,europe-west2,Linux-5.15,3.12.0,4,Intel Xeon E5-2670,0,,8.0
2026-07-22T04:01:32,gsea_dashboard,run_0043,2259.54,0.01192607,5.278096e-06,75.5,3.14,2.91,0.04738757,0.00197082,0.00182646,0.05118485,United Kingdom,GBR,england,gcp,europe-west2,Linux-5.15,3.12.0,4,Intel Xeon E5-2670,0,,8.0
2026-07-22T07:31:32,gsea_dashboard,run_0044,273.78,0.0009056524,3.307957e-06,45.95,1.51,3.65,0.0034945,0.00011484,0.00027758,0.00388692,United Kingdom,GBR,england,gcp,europe-west2,Linux-5.15,3.12.0,4,Intel Xeon E5-2670,0,,8.0
2026-07-22T11:01:32,gsea_dashboard,run_0045,230.53,0.0008470319,3.674281e-06,50.51,1.55,4.71,0.00323446,9.926e-05,0.00030161,0.00363533,United Kingdom,GBR,england,gcp,europe-west2,Linux-5.15,3.12.0,4,Intel Xeon E5-2670,0,,8.0
2026-07-22T14:31:32,gsea_dashboard,run_0046,233.1,0.001218858,5.228906e-06,73.22,0.38,7.19,0.00474099,2.461e-05,0.00046555,0.00523115,United Kingdom,GBR,england,gcp,europe-west2,Linux-5.15,3.12.0,4,Intel Xeon E5-2670,0,,8.0
2026-07-22T18:01:32,gsea_dashboard,run_0047,3083.4,0.0130455302,4.230891e-06,58.05,2.54,4.78,0.04971982,0.00217551,0.00409407,0.0559894,United Kingdom,GBR,england,gcp,europe-west2,Linux-5.15,3.12.0,4,Intel Xeon E5-2670,0,,8.0
2026-07-22T21:31:32,gsea_dashboard,run_0048,2008.91,0.0103509807,5.152536e-06,70.43,4.48,4.7,0.03930209,0.00249998,0.00262274,0.04442481,United Kingdom,GBR,england,gcp,europe-west2,Linux-5.15,3.12.0,4,Intel Xeon E5-2670,0,,8.0
2026-07-23T01:01:32,gsea_dashboard,run_0049,2921.04,0.0126837791,4.342213e-06,60.63,1.61,4.85,0.04919518,0.00130635,0.00393529,0.05443682,United Kingdom,GBR,england,gcp,europe-west2,Linux-5.15,3.12.0,4,Intel Xeon E5-2670,0,,8.0
