date,software_component,sci_score,energy_kwh,carbon_intensity,embodied_carbon,functional_unit,deployment_env,region,notes
2026-06-27,ml-pipeline,25.3128,0.17245,56.0,5843.29,1000,cloud,FR,Iteration 1
2026-06-28,api-server,26.7491,0.55229,233.0,12076.22,1000,cloud,UK,Iteration 2
2026-06-29,web-frontend,28.2748,0.52686,56.0,14179.37,1000,cloud,FR,Iteration 3
2026-06-30,ml-pipeline,25.0143,0.37119,56.0,10978.86,1000,cloud,FR,Iteration 4
2026-07-01,ml-pipeline,23.6606,0.14614,233.0,11783.79,1000,cloud,UK,Iteration 5
2026-07-02,web-frontend,19.7,0.2989,233.0,5815.02,1000,cloud,UK,Iteration 6
2026-07-03,api-server,20.2088,0.31716,295.0,10950.41,1000,cloud,EU_avg,Iteration 7
2026-07-04,ml-pipeline,20.3861,0.7566,56.0,8766.79,1000,cloud,FR,Iteration 8
2026-07-05,ml-pipeline,25.2747,0.56908,233.0,11704.56,1000,cloud,UK,Iteration 9
2026-07-06,web-frontend,22.0458,0.45594,233.0,8088.66,1000,cloud,UK,Iteration 10
2026-07-07,api-server,24.6754,0.63631,233.0,14999.77,1000,cloud,UK,Iteration 11
2026-07-08,api-server,20.9679,0.20846,56.0,10076.9,1000,cloud,FR,Iteration 12
2026-07-09,ml-pipeline,17.6691,0.46857,56.0,6310.49,1000,cloud,FR,Iteration 13
2026-07-10,api-server,19.5787,0.3637,233.0,13313.45,1000,cloud,UK,Iteration 14
2026-07-11,api-server,21.8608,0.21588,295.0,9108.59,1000,cloud,EU_avg,Iteration 15
2026-07-12,web-frontend,20.108,0.57345,233.0,11105.95,1000,cloud,UK,Iteration 16
2026-07-13,web-frontend,22.9893,0.2638,233.0,14655.97,1000,cloud,UK,Iteration 17
2026-07-14,web-frontend,18.9928,0.64906,233.0,11783.07,1000,cloud,UK,Iteration 18
2026-07-15,ml-pipeline,18.1711,0.63861,295.0,10274.6,1000,cloud,EU_avg,Iteration 19
2026-07-16,ml-pipeline,17.6079,0.77639,233.0,6383.99,1000,cloud,UK,Iteration 20
2026-07-17,ml-pipeline,18.4363,0.71188,233.0,13458.92,1000,cloud,UK,Iteration 21
2026-07-18,api-server,21.8976,0.69582,56.0,12631.17,1000,cloud,FR,Iteration 22
2026-07-19,api-server,20.5989,0.20314,295.0,14464.13,1000,cloud,EU_avg,Iteration 23
2026-07-20,web-frontend,24.4234,0.25543,295.0,14304.72,1000,cloud,EU_avg,Iteration 24
2026-07-21,api-server,18.5708,0.36177,295.0,8749.13,1000,cloud,EU_avg,Iteration 25
2026-07-22,ml-pipeline,18.6504,0.11973,233.0,11499.61,1000,cloud,UK,Iteration 26
2026-07-23,ml-pipeline,16.76,0.30082,295.0,13311.1,1000,cloud,EU_avg,Iteration 27
2026-07-24,web-frontend,15.8976,0.63119,295.0,11153.48,1000,cloud,EU_avg,Iteration 28
2026-07-25,ml-pipeline,18.2439,0.25096,233.0,14402.26,1000,cloud,UK,Iteration 29
2026-07-26,api-server,19.1498,0.52622,295.0,12761.73,1000,cloud,EU_avg,Iteration 30
2026-07-27,api-server,19.5092,0.26691,295.0,6108.58,1000,cloud,EU_avg,Iteration 31
2026-07-28,ml-pipeline,18.8801,0.7336,233.0,10153.76,1000,cloud,UK,Iteration 32
2026-07-29,api-server,16.1745,0.40047,56.0,10706.64,1000,cloud,FR,Iteration 33
2026-07-30,ml-pipeline,15.6342,0.23112,233.0,14746.54,1000,cloud,UK,Iteration 34
2026-07-31,web-frontend,16.6061,0.45513,233.0,13733.31,1000,cloud,UK,Iteration 35
2026-08-01,web-frontend,17.0062,0.13047,295.0,7536.5,1000,cloud,EU_avg,Iteration 36
2026-08-02,ml-pipeline,20.194,0.34136,233.0,12351.87,1000,cloud,UK,Iteration 37
2026-08-03,web-frontend,17.9692,0.33276,233.0,10460.14,1000,cloud,UK,Iteration 38
2026-08-04,ml-pipeline,16.7294,0.6454,295.0,9785.31,1000,cloud,EU_avg,Iteration 39
2026-08-05,api-server,13.5247,0.22759,233.0,12160.45,1000,cloud,UK,Iteration 40
2026-08-06,api-server,13.4364,0.24111,233.0,8155.96,1000,cloud,UK,Iteration 41
2026-08-07,ml-pipeline,13.0435,0.31705,295.0,9734.0,1000,cloud,EU_avg,Iteration 42
2026-08-08,ml-pipeline,16.6073,0.30028,233.0,8319.25,1000,cloud,UK,Iteration 43
2026-08-09,web-frontend,16.3073,0.18713,56.0,13894.87,1000,cloud,FR,Iteration 44
2026-08-10,web-frontend,15.8161,0.37065,233.0,11920.68,1000,cloud,UK,Iteration 45
2026-08-11,api-server,11.4384,0.35714,56.0,12270.81,1000,cloud,FR,Iteration 46
2026-08-12,web-frontend,14.4242,0.67564,56.0,6025.98,1000,cloud,FR,Iteration 47
2026-08-13,web-frontend,12.2696,0.32954,56.0,9459.16,1000,cloud,FR,Iteration 48
2026-08-14,api-server,11.2536,0.41074,295.0,12268.14,1000,cloud,EU_avg,Iteration 49
2026-08-15,web-frontend,11.8629,0.73813,295.0,11394.69,1000,cloud,EU_avg,Iteration 50
2026-08-16,web-frontend,14.1965,0.56983,295.0,10130.86,1000,cloud,EU_avg,Iteration 51
2026-08-17,api-server,13.7017,0.62493,233.0,6427.79,1000,cloud,UK,Iteration 52
2026-08-18,api-server,10.8274,0.12436,233.0,12785.15,1000,cloud,UK,Iteration 53
2026-08-19,ml-pipeline,9.246,0.35643,295.0,5323.85,1000,cloud,EU_avg,Iteration 54
2026-08-20,api-server,10.4852,0.35968,295.0,10739.22,1000,cloud,EU_avg,Iteration 55
2026-08-21,web-frontend,11.0336,0.47062,295.0,11495.61,1000,cloud,EU_avg,Iteration 56
2026-08-22,ml-pipeline,11.0018,0.61497,295.0,8869.87,1000,cloud,EU_avg,Iteration 57
2026-08-23,web-frontend,13.0498,0.49317,56.0,12040.38,1000,cloud,FR,Iteration 58
2026-08-24,api-server,12.9055,0.58579,295.0,6226.37,1000,cloud,EU_avg,Iteration 59
2026-08-25,api-server,13.1306,0.69698,295.0,13986.79,1000,cloud,EU_avg,Iteration 60
